datetime,hour,scaled_global,Denver_temp,Denver_weather
9/1/16 8:00,8,0.9209829284687728,287.84,sky is clear
9/1/16 9:00,9,0.9552844834910021,287.65,sky is clear
9/1/16 10:00,10,0.9690010146103596,287.05,sky is clear
9/1/16 11:00,11,0.9780806956728942,286.64,sky is clear
9/1/16 12:00,12,0.9763608949140767,285.95,sky is clear
9/1/16 13:00,13,0.9720910134435417,286.22,fog
9/1/16 14:00,14,0.9120492601663006,287.98,mist
9/1/16 15:00,15,0.9452526781698634,289.75,mist
9/2/16 8:00,8,0.7238206605424355,292.54,sky is clear
9/2/16 9:00,9,0.6159811,291.2,sky is clear
9/2/16 10:00,10,0.8602414729367834,290.67,sky is clear
9/2/16 11:00,11,0.8263784516234559,289.95,sky is clear
9/2/16 12:00,12,0.5537282362429817,289.26,sky is clear
9/2/16 13:00,13,0.8453949787358269,289.66,broken clouds
9/2/16 14:00,14,0.9817959260183368,290.52,other
9/2/16 15:00,15,0.938795972,290.78,other
9/3/16 8:00,8,0.920494171,288.75,sky is clear
9/3/16 9:00,9,1.0200417987621113,288.4,sky is clear
9/3/16 10:00,10,0.9339646953563637,287.85,sky is clear
9/3/16 11:00,11,0.9993104991938422,288.36,sky is clear
9/3/16 12:00,12,1.0544522564485794,287.73,sky is clear
9/3/16 13:00,13,0.9466862279875461,288.22,broken clouds
9/3/16 14:00,14,0.6532378625710877,289.72,broken clouds
9/3/16 15:00,15,0.7906490244253925,293.13,broken clouds
9/4/16 8:00,8,0.9513525931257305,287.68,sky is clear
9/4/16 9:00,9,0.8493097036813735,287.03,sky is clear
9/4/16 10:00,10,0.4813029518083887,285.6,other
9/4/16 11:00,11,0.662558082,285.39,sky is clear
9/4/16 12:00,12,1.0618475083285226,285.61,sky is clear
9/4/16 13:00,13,0.5190718535718697,286.43,few clouds
9/4/16 14:00,14,0.5938798128953828,290.6,scattered clouds
9/4/16 15:00,15,0.9463594260792698,293.03,scattered clouds
9/5/16 8:00,8,0.9863209035591455,286.26,sky is clear
9/5/16 9:00,9,1.0100168983394104,284.67,sky is clear
9/5/16 10:00,10,1.0186503769508792,285.09,sky is clear
9/5/16 11:00,11,1.0177499613157415,283.7,sky is clear
9/5/16 12:00,12,0.9626806208364229,283.83,sky is clear
9/5/16 13:00,13,0.9464496197720461,284.22,sky is clear
9/5/16 14:00,14,0.6633895524949023,289.31,sky is clear
9/5/16 15:00,15,0.6714936996170316,292.89,sky is clear
9/6/16 8:00,8,0.29131491644367324,288.45,sky is clear
9/6/16 9:00,9,0.3366576820516184,287.54,sky is clear
9/6/16 10:00,10,0.7958308968992147,287.3,other
9/6/16 11:00,11,0.9899795476489753,288.99,overcast clouds
9/6/16 12:00,12,0.9172650438105425,288.88,overcast clouds
9/6/16 13:00,13,0.4759754304768744,288.69,overcast clouds
9/6/16 14:00,14,0.62288581,289.11,overcast clouds
9/6/16 15:00,15,0.9501327512924023,289.17,mist
9/7/16 8:00,8,0.84435416,289.77,mist
9/7/16 9:00,9,0.816220412,288.89,mist
9/7/16 10:00,10,0.7971691699202023,288.18,overcast clouds
9/7/16 11:00,11,0.8045845735461018,287.28,sky is clear
9/7/16 12:00,12,0.8084551533510302,286.15,sky is clear
9/7/16 13:00,13,0.9805683986555452,286.07,mist
9/7/16 14:00,14,0.7387227919447633,287.57,fog
9/7/16 15:00,15,0.868679741,290.58,mist
9/8/16 8:00,8,0.9870411165502171,288.65,sky is clear
9/8/16 9:00,9,1.0148447644226783,286.73,sky is clear
9/8/16 10:00,10,1.029171705902246,285.34,sky is clear
9/8/16 11:00,11,1.031498497416333,284.28,few clouds
9/8/16 12:00,12,1.0243024187049508,283.71,sky is clear
9/8/16 13:00,13,1.0079163285943513,284.19,sky is clear
9/8/16 14:00,14,0.9840595914847868,287.75,few clouds
9/8/16 15:00,15,0.9428248827865933,292.33,few clouds
9/9/16 8:00,8,0.9893822417613782,288.77,sky is clear
9/9/16 9:00,9,1.0106125016868568,288.01,sky is clear
9/9/16 10:00,10,1.021730727,287.65,sky is clear
9/9/16 11:00,11,0.9987831108889524,285.76,sky is clear
9/9/16 12:00,12,1.001283650997224,284.44,sky is clear
9/9/16 13:00,13,0.987742624,284.7,few clouds
9/9/16 14:00,14,0.9178921337891816,288.5,sky is clear
9/9/16 15:00,15,0.9036520403510043,290.56,sky is clear
9/10/16 8:00,8,0.998251397,279.68,sky is clear
9/10/16 9:00,9,1.0210356651861987,278.92,sky is clear
9/10/16 10:00,10,1.0315894394889862,278.46,sky is clear
9/10/16 11:00,11,1.0311132408437509,277.96,sky is clear
9/10/16 12:00,12,1.0255867048045526,277.25,sky is clear
9/10/16 13:00,13,1.008550707755649,278.97,sky is clear
9/10/16 14:00,14,0.9808582409647998,282.17,sky is clear
9/10/16 15:00,15,0.937742896,286.19,sky is clear
9/11/16 8:00,8,1.0136977268825555,285.99,sky is clear
9/11/16 9:00,9,0.983351737,285.89,sky is clear
9/11/16 10:00,10,1.0358583699180315,285.04,sky is clear
9/11/16 11:00,11,1.0292600590722416,285.21,sky is clear
9/11/16 12:00,12,1.0104465015376243,285.63,sky is clear
9/11/16 13:00,13,1.0174219292697835,286.37,scattered clouds
9/11/16 14:00,14,0.9782633779723607,291.48,broken clouds
9/11/16 15:00,15,0.9491871590738302,292.33,broken clouds
9/12/16 8:00,8,0.9761584801569191,294.28,sky is clear
9/12/16 9:00,9,1.0024834187534755,293.63,sky is clear
9/12/16 10:00,10,1.0113934438223833,293.21,sky is clear
9/12/16 11:00,11,1.0041913636129618,290.85,sky is clear
9/12/16 12:00,12,1.006127469348563,289.12,sky is clear
9/12/16 13:00,13,0.6783597650847054,287.36,few clouds
9/12/16 14:00,14,0.6890627122182554,288.09,few clouds
9/12/16 15:00,15,0.8347136102489514,289.24,few clouds
9/13/16 8:00,8,0.5988220393493718,283.87,light rain
9/13/16 9:00,9,0.7824899423889659,283.31,overcast clouds
9/13/16 10:00,10,0.9330505173444208,283.2,other
9/13/16 11:00,11,0.8304744663378368,282.75,other
9/13/16 12:00,12,0.928502375,282.45,mist
9/13/16 13:00,13,0.9936785352486637,282.14,mist
9/13/16 14:00,14,0.9618818584859469,282.4,mist
9/13/16 15:00,15,0.37137837018180025,283.19,mist
9/14/16 8:00,8,0.7768317596281136,282.92,overcast clouds
9/14/16 9:00,9,0.7792856155700085,282.66,sky is clear
9/14/16 10:00,10,1.0149163557948278,282.46,sky is clear
9/14/16 11:00,11,0.88899038,282.33,mist
9/14/16 12:00,12,1.044201948653222,282.47,scattered clouds
9/14/16 13:00,13,0.866229564,282.66,scattered clouds
9/14/16 14:00,14,0.9291005747593887,283.75,broken clouds
9/14/16 15:00,15,0.6800132337837225,285.83,broken clouds
9/15/16 8:00,8,0.9833589146267692,283.93,other
9/15/16 9:00,9,0.8013361566334903,283.82,other
9/15/16 10:00,10,1.0096765391315257,283.41,other
9/15/16 11:00,11,1.0172979815200505,281.99,broken clouds
9/15/16 12:00,12,0.8815372207201566,282.05,other
9/15/16 13:00,13,1.0574147982953133,281.65,other
9/15/16 14:00,14,0.6312258723851254,284.32,other
9/15/16 15:00,15,0.6376007969323797,287.85,other
9/16/16 8:00,8,0.4126734241190495,281.44,sky is clear
9/16/16 9:00,9,1.0100373075161349,281.11,sky is clear
9/16/16 10:00,10,1.0138660263297534,280.13,sky is clear
9/16/16 11:00,11,1.0147976456188867,280.08,sky is clear
9/16/16 12:00,12,0.9407384510894429,279.65,sky is clear
9/16/16 13:00,13,0.9399000472930306,279.9,few clouds
9/16/16 14:00,14,0.9732257071634848,282.7,few clouds
9/16/16 15:00,15,0.8780854393189268,286.17,few clouds
9/17/16 8:00,8,0.9926187563854674,283.41,sky is clear
9/17/16 9:00,9,1.0105912169604438,282.06,sky is clear
9/17/16 10:00,10,1.0162131397180225,281.3,sky is clear
9/17/16 11:00,11,1.0201575327963999,281.81,sky is clear
9/17/16 12:00,12,1.0134188208891315,282.49,scattered clouds
9/17/16 13:00,13,1.0029481755159289,282.25,few clouds
9/17/16 14:00,14,0.9796114918634854,284,few clouds
9/17/16 15:00,15,0.9173363896496477,287.52,few clouds
9/18/16 8:00,8,1.0034300421059852,284.42,sky is clear
9/18/16 9:00,9,1.0170680696074452,284.73,sky is clear
9/18/16 10:00,10,1.0201320592566756,284.63,sky is clear
9/18/16 11:00,11,1.0172886443480817,284.7,sky is clear
9/18/16 12:00,12,1.0087913224051408,284.6,sky is clear
9/18/16 13:00,13,0.9922327680641043,284.91,few clouds
9/18/16 14:00,14,0.9653290849205658,289.83,few clouds
9/18/16 15:00,15,0.9118171074243034,292.48,sky is clear
9/19/16 8:00,8,1.0040392686495896,288.17,sky is clear
9/19/16 9:00,9,1.022118415000074,287.07,sky is clear
9/19/16 10:00,10,1.0253584414725911,286.06,other
9/19/16 11:00,11,1.025340294362583,285.7,sky is clear
9/19/16 12:00,12,1.0192022455296834,285.33,sky is clear
9/19/16 13:00,13,0.9962416422489137,286.31,sky is clear
9/19/16 14:00,14,0.963085387,289.67,sky is clear
9/19/16 15:00,15,0.9212686021413543,293.71,sky is clear
9/20/16 8:00,8,0.717879517,288.09,scattered clouds
9/20/16 9:00,9,0.8540086471358115,288.41,scattered clouds
9/20/16 10:00,10,0.7151792373546562,288.73,scattered clouds
9/20/16 11:00,11,0.9648551791994429,287.87,broken clouds
9/20/16 12:00,12,0.9309766423209466,287.61,broken clouds
9/20/16 13:00,13,0.8919615969257633,287.7,broken clouds
9/20/16 14:00,14,0.8080506707513397,289.2854319,broken clouds
9/20/16 15:00,15,0.38211975696821404,290.81,broken clouds
9/21/16 8:00,8,0.9714122655353825,294.02,scattered clouds
9/21/16 9:00,9,0.9734617401160476,292.18,scattered clouds
9/21/16 10:00,10,0.8200032906862933,291.68,scattered clouds
9/21/16 11:00,11,1.0497347357320947,289.78,few clouds
9/21/16 12:00,12,0.7408387187163128,290.77,few clouds
9/21/16 13:00,13,0.739567753,290.83,few clouds
9/21/16 14:00,14,0.43614836624475434,289.92,broken clouds
9/21/16 15:00,15,0.3682494718079119,291.18,broken clouds
9/22/16 8:00,8,0.39234679384666277,288.15,sky is clear
9/22/16 9:00,9,0.7888116206148832,287.4,sky is clear
9/22/16 10:00,10,1.0013635066428224,286.64,sky is clear
9/22/16 11:00,11,0.9927931034430166,284.78,sky is clear
9/22/16 12:00,12,0.9794915614950755,285.2,sky is clear
9/22/16 13:00,13,0.8811450849625411,284.64,sky is clear
9/22/16 14:00,14,0.7550770510898356,287.11,few clouds
9/22/16 15:00,15,0.7544850905913487,287.67,few clouds
9/23/16 8:00,8,0.9239471548974162,285.89,sky is clear
9/23/16 9:00,9,0.9858384511845886,286.06,sky is clear
9/23/16 10:00,10,1.0312831286803663,285.6,sky is clear
9/23/16 11:00,11,1.0262627390888222,285.66,sky is clear
9/23/16 12:00,12,1.008858413176591,285.47,sky is clear
9/23/16 13:00,13,0.9794295866669064,285.06,sky is clear
9/23/16 14:00,14,0.9664413553118949,287.24,sky is clear
9/23/16 15:00,15,0.9240199740612446,290.51,sky is clear
9/24/16 8:00,8,1.0402555922102756,281.78,sky is clear
9/24/16 9:00,9,1.044444594647292,280.16,sky is clear
9/24/16 10:00,10,1.044580074365511,280.07,sky is clear
9/24/16 11:00,11,1.0389764023492327,279.1,sky is clear
9/24/16 12:00,12,1.029542580515989,278.33,sky is clear
9/24/16 13:00,13,0.7797671555799528,278.49,sky is clear
9/24/16 14:00,14,0.2237142720104713,280.11,sky is clear
9/24/16 15:00,15,0.2239797402266405,283.55,sky is clear
9/25/16 8:00,8,1.027891305625025,280.95,sky is clear
9/25/16 9:00,9,1.0397090287900497,281.56,sky is clear
9/25/16 10:00,10,1.040998033736118,279.18,sky is clear
9/25/16 11:00,11,1.0339287675982178,279.25,sky is clear
9/25/16 12:00,12,1.0218659181408718,278.79,sky is clear
9/25/16 13:00,13,1.0029515591409592,279.24,sky is clear
9/25/16 14:00,14,0.9658611899865653,280.88,sky is clear
9/25/16 15:00,15,0.8932879401900041,284.44,sky is clear
9/26/16 8:00,8,1.0258684574202521,279.61,sky is clear
9/26/16 9:00,9,1.0322408677710306,279.5,sky is clear
9/26/16 10:00,10,1.0351899991612303,279.4837946,sky is clear
9/26/16 11:00,11,1.0266619101466892,278.45,sky is clear
9/26/16 12:00,12,1.0153203649161129,278.04,sky is clear
9/26/16 13:00,13,0.9961009537574027,277.9,sky is clear
9/26/16 14:00,14,0.9598256365277953,278.35,sky is clear
9/26/16 15:00,15,0.895844621,281.49,sky is clear
9/27/16 8:00,8,1.0385440713056087,281.68,sky is clear
9/27/16 9:00,9,1.0400618197311193,281.52,sky is clear
9/27/16 10:00,10,1.043209343801963,280.21,sky is clear
9/27/16 11:00,11,1.0350559692521544,280.25,sky is clear
9/27/16 12:00,12,1.0235293944758987,280.2824979,sky is clear
9/27/16 13:00,13,1.0083223494339548,280.42,sky is clear
9/27/16 14:00,14,0.9689255543539739,284.9,sky is clear
9/27/16 15:00,15,0.9087886008843284,289.66,sky is clear
9/28/16 8:00,8,1.0230671339934987,282.77,sky is clear
9/28/16 9:00,9,1.029231201443204,282.82,other
9/28/16 10:00,10,1.0298786064838357,282.71,sky is clear
9/28/16 11:00,11,1.0235413450151651,282.26,sky is clear
9/28/16 12:00,12,1.0107307291708023,281.65,sky is clear
9/28/16 13:00,13,0.9862212616900873,281.59,sky is clear
9/28/16 14:00,14,0.9434963536146816,284.79,sky is clear
9/28/16 15:00,15,0.8772343891016208,290.41,sky is clear
9/29/16 8:00,8,1.0143853576865973,284.3,sky is clear
9/29/16 9:00,9,1.0172816164349159,282.87,sky is clear
9/29/16 10:00,10,1.0208914026821196,282.06,sky is clear
9/29/16 11:00,11,1.0120611187584057,281.28,sky is clear
9/29/16 12:00,12,1.0045947684292138,280.93,sky is clear
9/29/16 13:00,13,0.9799251184470928,280.58,sky is clear
9/29/16 14:00,14,0.914981961,281.59,sky is clear
9/29/16 15:00,15,0.864339073,288.91,sky is clear
9/30/16 8:00,8,0.35305934515117765,285.19,few clouds
9/30/16 9:00,9,0.48882314419561795,285.48,few clouds
9/30/16 10:00,10,0.6556432883462546,285.67,broken clouds
9/30/16 11:00,11,0.5116590798451325,285.62,broken clouds
9/30/16 12:00,12,0.7869650315250524,286.12,broken clouds
9/30/16 13:00,13,0.5852808687291274,285.68,broken clouds
9/30/16 14:00,14,0.49853260598602606,286.27,few clouds
9/30/16 15:00,15,0.9301037832559714,287.81,few clouds
10/1/16 8:00,8,1.0080206264007423,282.53,scattered clouds
10/1/16 9:00,9,1.0163802690010895,282.1,scattered clouds
10/1/16 10:00,10,1.017890205719845,282.78,broken clouds
10/1/16 11:00,11,1.0141598643883853,281.69,broken clouds
10/1/16 12:00,12,0.9426872007391371,281.49,broken clouds
10/1/16 13:00,13,1.0640273660850037,282.29,broken clouds
10/1/16 14:00,14,0.9019270432255031,283.22,sky is clear
10/1/16 15:00,15,0.7711659494075137,287.59,sky is clear
10/2/16 8:00,8,0.9205796479064153,285.01,sky is clear
10/2/16 9:00,9,1.0319779738950052,283.99,sky is clear
10/2/16 10:00,10,1.0293563247557442,284.11,sky is clear
10/2/16 11:00,11,1.020490977785494,283.63,sky is clear
10/2/16 12:00,12,0.961006398,282.39,sky is clear
10/2/16 13:00,13,0.9892041420720684,282.74,sky is clear
10/2/16 14:00,14,0.5783281536770614,284.66,sky is clear
10/2/16 15:00,15,0.8640138054870836,289.38,sky is clear
10/3/16 8:00,8,1.0540485511629272,285.77,sky is clear
10/3/16 9:00,9,1.043991378380442,280.95,sky is clear
10/3/16 10:00,10,1.0547459600382825,286.35,few clouds
10/3/16 11:00,11,1.062991515703094,286.52,few clouds
10/3/16 12:00,12,1.003879935475922,285.54,few clouds
10/3/16 13:00,13,1.052455548798575,284.72,few clouds
10/3/16 14:00,14,0.8442141264118052,286.11,sky is clear
10/3/16 15:00,15,0.501633466,289.6,sky is clear
10/4/16 8:00,8,1.0646998090436486,279.58,sky is clear
10/4/16 9:00,9,1.0669159855419146,278.77,sky is clear
10/4/16 10:00,10,1.0615690395871862,280.79,sky is clear
10/4/16 11:00,11,1.047073680706313,281.36,sky is clear
10/4/16 12:00,12,1.0410269902155505,280.76,sky is clear
10/4/16 13:00,13,0.881081825,280.07,sky is clear
10/4/16 14:00,14,0.9459960923126226,280.87,sky is clear
10/4/16 15:00,15,0.8857449663015158,283.24,sky is clear
10/5/16 8:00,8,1.0708424441986863,276.89,sky is clear
10/5/16 9:00,9,1.0681968390592842,272.047,sky is clear
10/5/16 10:00,10,1.065666938860398,272.047,sky is clear
10/5/16 11:00,11,1.052454500609901,270.596,sky is clear
10/5/16 12:00,12,1.0193087988466483,270.596,sky is clear
10/5/16 13:00,13,0.865524767,270.596,sky is clear
10/5/16 14:00,14,0.466647411,280.365,sky is clear
10/5/16 15:00,15,0.25984485388396117,280.365,sky is clear
10/6/16 8:00,8,0.2739045447459558,277.639,scattered clouds
10/6/16 9:00,9,0.11174003491173763,277.639,scattered clouds
10/6/16 10:00,10,0.5486804231390333,274.591,broken clouds
10/6/16 11:00,11,0.29815313738886445,274.591,broken clouds
10/6/16 12:00,12,0.5269075080759077,274.591,broken clouds
10/6/16 13:00,13,0.948978742,276.751,light rain
10/6/16 14:00,14,0.9519977508444367,276.079,light rain
10/6/16 15:00,15,0.8851360287335935,276.079,light rain
10/7/16 8:00,8,1.0922078313082229,267.417,sky is clear
10/7/16 9:00,9,1.0932959859290643,267.417,sky is clear
10/7/16 10:00,10,1.0844052637433765,266.81,sky is clear
10/7/16 11:00,11,1.067734621156626,266.81,sky is clear
10/7/16 12:00,12,1.044397976,266.81,sky is clear
10/7/16 13:00,13,1.0104917949729666,276.208,sky is clear
10/7/16 14:00,14,0.9605831042306363,276.568,sky is clear
10/7/16 15:00,15,0.872676985,276.568,sky is clear
10/8/16 8:00,8,1.085267105060417,270.435,sky is clear
10/8/16 9:00,9,1.0727511303295132,270.435,sky is clear
10/8/16 10:00,10,1.058044846,269.416,sky is clear
10/8/16 11:00,11,1.0347127989519007,269.416,sky is clear
10/8/16 12:00,12,1.0053050401918957,269.416,sky is clear
10/8/16 13:00,13,0.954564579,279.085,sky is clear
10/8/16 14:00,14,0.8103284747094283,278.98,sky is clear
10/8/16 15:00,15,0.708883589,278.98,sky is clear
10/9/16 8:00,8,0.9819725182628534,274.24,scattered clouds
10/9/16 9:00,9,0.9790037215230115,274.24,scattered clouds
10/9/16 10:00,10,0.8053945070112128,274.965,few clouds
10/9/16 11:00,11,1.0354436630007404,274.965,few clouds
10/9/16 12:00,12,0.6603115457243465,274.965,few clouds
10/9/16 13:00,13,0.5923416842841139,282.536,sky is clear
10/9/16 14:00,14,0.6449544750787594,281.617,sky is clear
10/9/16 15:00,15,0.9088105928572402,281.617,sky is clear
10/10/16 8:00,8,1.0621200600203355,277.882,sky is clear
10/10/16 9:00,9,1.0600308197762525,277.882,sky is clear
10/10/16 10:00,10,1.0528283641363656,276.215,sky is clear
10/10/16 11:00,11,1.0400615352780145,276.215,sky is clear
10/10/16 12:00,12,1.0369026106029655,276.215,sky is clear
10/10/16 13:00,13,0.9880361008989269,283.112,sky is clear
10/10/16 14:00,14,0.6590250885994882,283.3,sky is clear
10/10/16 15:00,15,0.8177448413844848,283.3,sky is clear
10/11/16 8:00,8,0.9309787877374525,281.932,scattered clouds
10/11/16 9:00,9,1.0482220025084132,281.932,scattered clouds
10/11/16 10:00,10,1.0396127126430943,281.074,broken clouds
10/11/16 11:00,11,0.9105099284841225,281.074,broken clouds
10/11/16 12:00,12,1.0284032614373095,281.074,broken clouds
10/11/16 13:00,13,0.8488857514616899,284.427,scattered clouds
10/11/16 14:00,14,0.571632431,285.57,scattered clouds
10/11/16 15:00,15,0.6739937389694559,285.57,scattered clouds
10/12/16 8:00,8,0.2382091516049827,277.749,sky is clear
10/12/16 9:00,9,0.25284323068908426,277.749,sky is clear
10/12/16 10:00,10,0.2813846645105043,275.482,broken clouds
10/12/16 11:00,11,0.2910623943196186,275.482,broken clouds
10/12/16 12:00,12,0.3240737284483594,275.482,broken clouds
10/12/16 13:00,13,0.3167391008731561,276.784,light rain
10/12/16 14:00,14,0.42629571684635914,277.388,light rain
10/12/16 15:00,15,0.6988175509564394,277.388,light rain
10/13/16 8:00,8,1.2457344558010837,275.553,scattered clouds
10/13/16 9:00,9,0.8348128703059291,275.553,scattered clouds
10/13/16 10:00,10,0.8794931852404783,275.119,scattered clouds
10/13/16 11:00,11,1.044783551013112,275.119,scattered clouds
10/13/16 12:00,12,1.0219729438309704,275.119,scattered clouds
10/13/16 13:00,13,0.9890407154707345,282.576,sky is clear
10/13/16 14:00,14,0.9315181446021388,281.918,sky is clear
10/13/16 15:00,15,0.8342690439194681,281.918,sky is clear
10/14/16 8:00,8,0.9284825553032925,279.133,sky is clear
10/14/16 9:00,9,0.6318727797538868,279.133,sky is clear
10/14/16 10:00,10,0.8670015642523402,277.579,sky is clear
10/14/16 11:00,11,0.7640043282797956,277.579,sky is clear
10/14/16 12:00,12,0.9008637872522919,277.579,sky is clear
10/14/16 13:00,13,0.5814066749189365,284.428,sky is clear
10/14/16 14:00,14,0.6533374454780131,284.370927,sky is clear
10/14/16 15:00,15,0.4914691704894805,284.039,sky is clear
10/15/16 8:00,8,1.082397696328926,282.003,few clouds
10/15/16 9:00,9,1.114166401253803,282.003,few clouds
10/15/16 10:00,10,1.0494496341586776,279.448,sky is clear
10/15/16 11:00,11,1.037000765518219,279.448,sky is clear
10/15/16 12:00,12,1.0141061706477013,279.448,sky is clear
10/15/16 13:00,13,0.9812282730848169,279.448,sky is clear
10/15/16 14:00,14,0.9265314116749309,285.919,sky is clear
10/15/16 15:00,15,0.8270991437207467,285.4102099,sky is clear
10/16/16 8:00,8,1.1032267828731834,278.791,sky is clear
10/16/16 9:00,9,1.0863843657054888,278.9065775,sky is clear
10/16/16 10:00,10,1.0714171110693562,280.1486661,sky is clear
10/16/16 11:00,11,1.0574124201730164,279.439,sky is clear
10/16/16 12:00,12,1.0228877237508012,279.439,sky is clear
10/16/16 13:00,13,0.9819100697881881,286.227,sky is clear
10/16/16 14:00,14,0.9242228929316858,288.675,sky is clear
10/16/16 15:00,15,0.8123360718542174,288.675,sky is clear
10/17/16 8:00,8,1.0226409949033697,281.573,sky is clear
10/17/16 9:00,9,1.087609683861088,281.573,sky is clear
10/17/16 10:00,10,1.0638471687856024,282.439,sky is clear
10/17/16 11:00,11,1.036936423251563,282.439,sky is clear
10/17/16 12:00,12,0.9948324533057281,282.439,sky is clear
10/17/16 13:00,13,0.939747792,288.165,sky is clear
10/17/16 14:00,14,0.8824504249984934,289.174,sky is clear
10/17/16 15:00,15,0.7572248818871609,289.174,sky is clear
10/18/16 8:00,8,1.0454591576673589,277.648,sky is clear
10/18/16 9:00,9,1.0482508873760428,277.648,sky is clear
10/18/16 10:00,10,1.0847396781833123,275.515,sky is clear
10/18/16 11:00,11,0.5643263888792254,275.515,sky is clear
10/18/16 12:00,12,0.9669391558787688,275.515,sky is clear
10/18/16 13:00,13,0.9800960049071763,280.531,sky is clear
10/18/16 14:00,14,0.9136633015646621,280.531,sky is clear
10/18/16 15:00,15,0.7866972325480841,280.531,sky is clear
10/19/16 8:00,8,1.1074354704113776,277.036,broken clouds
10/19/16 9:00,9,1.0864306144044078,277.036,broken clouds
10/19/16 10:00,10,1.0773193291103984,277.3,overcast clouds
10/19/16 11:00,11,1.0258449151518942,277.3,overcast clouds
10/19/16 12:00,12,1.0639722829728382,277.3,overcast clouds
10/19/16 13:00,13,0.9627631290337328,279.403,scattered clouds
10/19/16 14:00,14,0.6997070550204256,279.1428249,scattered clouds
10/19/16 15:00,15,0.8795412515306252,277.59,sky is clear
10/20/16 8:00,8,1.1264537563056232,270.2817182,sky is clear
10/20/16 9:00,9,1.1082468483108225,268.9238649,sky is clear
10/20/16 10:00,10,1.0907063168617563,266.505,sky is clear
10/20/16 11:00,11,1.0704136585222592,266.505,sky is clear
10/20/16 12:00,12,1.0401240043853233,266.505,sky is clear
10/20/16 13:00,13,1.0020727874876165,274.002,sky is clear
10/20/16 14:00,14,0.9408068697540154,273.8995084,sky is clear
10/20/16 15:00,15,0.8263650111927744,273.16,sky is clear
10/21/16 8:00,8,1.1304495119774263,271.698,sky is clear
10/21/16 9:00,9,1.10854278,271.698,sky is clear
10/21/16 10:00,10,1.0983447129762849,271.139,sky is clear
10/21/16 11:00,11,1.0704348438599685,271.139,sky is clear
10/21/16 12:00,12,1.0487805403181902,271.139,sky is clear
10/21/16 13:00,13,1.0099886285783477,277.786,sky is clear
10/21/16 14:00,14,0.9467937261994979,277.7285749,sky is clear
10/21/16 15:00,15,0.8237361719668104,277.249,sky is clear
10/22/16 8:00,8,1.1190789074180496,273.13,sky is clear
10/22/16 9:00,9,1.0998244327282067,273.13,sky is clear
10/22/16 10:00,10,1.0796237356333094,272.201,sky is clear
10/22/16 11:00,11,1.063733136379667,272.201,sky is clear
10/22/16 12:00,12,1.0303854539653794,272.201,sky is clear
10/22/16 13:00,13,0.9956651723375817,279.938,sky is clear
10/22/16 14:00,14,0.9051556891494872,281.029,sky is clear
10/22/16 15:00,15,0.7951134099223883,281.029,sky is clear
10/23/16 8:00,8,1.1063806912895464,275.248,sky is clear
10/23/16 9:00,9,1.1104031053694587,275.248,sky is clear
10/23/16 10:00,10,1.0984248410314916,275.248,sky is clear
10/23/16 11:00,11,1.0398932677140154,274.057,sky is clear
10/23/16 12:00,12,1.0141985572910284,274.057,sky is clear
10/23/16 13:00,13,0.9902772260041793,274.057,sky is clear
10/23/16 14:00,14,0.8689573692094346,280.382,sky is clear
10/23/16 15:00,15,0.6339901975507791,280.382,sky is clear
10/24/16 8:00,8,0.8030997384888587,277.968,sky is clear
10/24/16 9:00,9,0.9971464098310678,277.968,sky is clear
10/24/16 10:00,10,1.0605299278961984,277.968,sky is clear
10/24/16 11:00,11,1.0382827823896104,275.888,few clouds
10/24/16 12:00,12,1.0600397023542083,275.888,few clouds
10/24/16 13:00,13,0.9478261650383379,275.888,few clouds
10/24/16 14:00,14,0.908710808,280.778,sky is clear
10/24/16 15:00,15,0.778484103,280.778,sky is clear
10/25/16 8:00,8,0.49508422583293255,278.568,broken clouds
10/25/16 9:00,9,0.5035869418970468,278.568,broken clouds
10/25/16 10:00,10,0.17662449636173355,278.568,broken clouds
10/25/16 11:00,11,0.2827202624026978,280.261,broken clouds
10/25/16 12:00,12,0.42279474434211567,280.261,broken clouds
10/25/16 13:00,13,0.8045907136814971,280.261,broken clouds
10/25/16 14:00,14,0.8829237487292058,283.5,broken clouds
10/25/16 15:00,15,0.5563494962852018,283.5,broken clouds
10/26/16 8:00,8,1.0932741656442169,275.826,sky is clear
10/26/16 9:00,9,1.0693236794662642,275.826,sky is clear
10/26/16 10:00,10,1.0595223560071318,275.826,sky is clear
10/26/16 11:00,11,1.036824760491571,274.701,sky is clear
10/26/16 12:00,12,1.0161067461059394,274.701,sky is clear
10/26/16 13:00,13,0.970871052,274.701,sky is clear
10/26/16 14:00,14,0.9044338832479352,279.389,sky is clear
10/26/16 15:00,15,0.7761466164672235,279.389,sky is clear
10/27/16 8:00,8,1.1096769061952976,274.77,sky is clear
10/27/16 9:00,9,1.0881664062790384,274.77,sky is clear
10/27/16 10:00,10,1.0732087398315888,274.77,sky is clear
10/27/16 11:00,11,1.0530083718203689,273.313,sky is clear
10/27/16 12:00,12,1.0238746149191063,273.313,sky is clear
10/27/16 13:00,13,0.9827969060041276,273.313,sky is clear
10/27/16 14:00,14,0.8920975129744694,280.362,sky is clear
10/27/16 15:00,15,0.729070905,280.362,sky is clear
10/28/16 8:00,8,0.6888813308030273,279.79,scattered clouds
10/28/16 9:00,9,1.0225715037656902,279.79,scattered clouds
10/28/16 10:00,10,0.7301717426839561,279.79,scattered clouds
10/28/16 11:00,11,1.0044472214720355,280.29,broken clouds
10/28/16 12:00,12,0.6541041194727784,280.29,broken clouds
10/28/16 13:00,13,0.6465079890076614,280.29,broken clouds
10/28/16 14:00,14,0.6575797268049361,283.395,scattered clouds
10/28/16 15:00,15,0.5479619605003863,283.395,scattered clouds
10/29/16 8:00,8,0.6843426670031824,280.48,broken clouds
10/29/16 9:00,9,1.0660948122211118,280.48,broken clouds
10/29/16 10:00,10,1.050279729565928,280.48,broken clouds
10/29/16 11:00,11,0.9503003160336086,282.124,overcast clouds
10/29/16 12:00,12,0.9424493337665121,282.124,overcast clouds
10/29/16 13:00,13,0.95352763,282.124,overcast clouds
10/29/16 14:00,14,0.8812173038022146,283.149,sky is clear
10/29/16 15:00,15,0.7033331760871725,283.149,sky is clear
10/30/16 8:00,8,0.8093260933724872,276.003,sky is clear
10/30/16 9:00,9,0.9632815219291863,276.003,sky is clear
10/30/16 10:00,10,0.9467483693289436,276.003,sky is clear
10/30/16 11:00,11,0.7800613762138242,274.363,sky is clear
10/30/16 12:00,12,0.8349039333838963,274.363,sky is clear
10/30/16 13:00,13,0.5224567783922667,274.363,sky is clear
10/30/16 14:00,14,0.5533965596647547,279.719,sky is clear
10/30/16 15:00,15,0.3818545917687259,279.719,sky is clear
10/31/16 8:00,8,1.1708731772023695,285.803,sky is clear
10/31/16 9:00,9,1.087162448121223,285.803,sky is clear
10/31/16 10:00,10,1.0671033231459017,285.803,sky is clear
10/31/16 11:00,11,1.0428753308503973,285.502,sky is clear
10/31/16 12:00,12,1.008560420010534,285.502,sky is clear
10/31/16 13:00,13,0.9622739942478074,285.502,sky is clear
10/31/16 14:00,14,0.8766147682283151,285.921,sky is clear
10/31/16 15:00,15,0.7007254473221136,285.921,sky is clear
11/1/16 8:00,8,1.029279746423012,276.724,scattered clouds
11/1/16 9:00,9,1.0228434484341289,276.724,scattered clouds
11/1/16 10:00,10,0.8905508575190171,276.724,scattered clouds
11/1/16 11:00,11,0.9332007936095004,276.469,scattered clouds
11/1/16 12:00,12,0.8690088214184004,276.469,scattered clouds
11/1/16 13:00,13,0.8348721769124271,276.469,scattered clouds
11/1/16 14:00,14,0.8305672075490886,279.235,sky is clear
11/1/16 15:00,15,0.7864432005335051,279.235,sky is clear
11/2/16 8:00,8,0.5785300387036061,281.29,scattered clouds
11/2/16 9:00,9,0.9498198366790016,280.43,sky is clear
11/2/16 10:00,10,1.0489415690637842,279.86,broken clouds
11/2/16 11:00,11,1.022729800791933,279.28,sky is clear
11/2/16 12:00,12,0.9923063816235735,279.72,sky is clear
11/2/16 13:00,13,0.9463366635893439,280.12,other
11/2/16 14:00,14,0.8721374420012111,280.58,light rain
11/2/16 15:00,15,0.7209621758773543,281.29,broken clouds
11/3/16 8:00,8,1.1067180502459246,277.87,sky is clear
11/3/16 9:00,9,1.0920758123248002,278.14,sky is clear
11/3/16 10:00,10,1.0780365558328824,276.57,sky is clear
11/3/16 11:00,11,1.0557332594287556,275.64,sky is clear
11/3/16 12:00,12,1.0285716675232235,276,sky is clear
11/3/16 13:00,13,0.983082456,276.01,sky is clear
11/3/16 14:00,14,0.9081330788603369,275.77,sky is clear
11/3/16 15:00,15,0.7601770740768881,279.82,few clouds
11/4/16 8:00,8,0.649934548,277.02,sky is clear
11/4/16 9:00,9,0.7266908207478453,277.52,sky is clear
11/4/16 10:00,10,1.0762449929486988,276.64,sky is clear
11/4/16 11:00,11,1.045512288483796,276.01,sky is clear
11/4/16 12:00,12,1.0081465036383623,275.52,sky is clear
11/4/16 13:00,13,0.9746978148167804,276.27,few clouds
11/4/16 14:00,14,0.9125611286207871,276.02,few clouds
11/4/16 15:00,15,0.7175913118086292,279.54,few clouds
11/5/16 8:00,8,0.6172672100893362,279.27,sky is clear
11/5/16 9:00,9,0.808693884,278.9,sky is clear
11/5/16 10:00,10,0.7188791472503889,278.27,sky is clear
11/5/16 11:00,11,0.6135414379150128,277.89,sky is clear
11/5/16 12:00,12,0.5261223892930473,277.65,sky is clear
11/5/16 13:00,13,0.69222278,277.9,broken clouds
11/5/16 14:00,14,0.4663014049745473,277.77,scattered clouds
11/5/16 15:00,15,0.6103089026924634,280.81,broken clouds
11/6/16 8:00,8,0.4313247305315036,279.3,sky is clear
11/6/16 9:00,9,0.771995393,279.15,few clouds
11/6/16 10:00,10,1.0344702391281024,278.43,sky is clear
11/6/16 11:00,11,1.0112384236975953,279,sky is clear
11/6/16 12:00,12,1.049665296730961,278.29,sky is clear
11/6/16 13:00,13,0.9409257929941826,277.9,scattered clouds
11/6/16 14:00,14,0.7828604699065089,278.02,scattered clouds
11/6/16 15:00,15,0.7533135027491794,281.29,scattered clouds
11/7/16 8:00,8,1.0859363285386805,279.73,sky is clear
11/7/16 9:00,9,1.0671893550666924,280.44,sky is clear
11/7/16 10:00,10,1.051668985778912,279.59,sky is clear
11/7/16 11:00,11,1.0310097874792326,279.72,sky is clear
11/7/16 12:00,12,0.9986589025249262,278.43,sky is clear
11/7/16 13:00,13,0.9528767945565879,278.15,few clouds
11/7/16 14:00,14,0.8754920057295364,278.44,few clouds
11/7/16 15:00,15,0.7179154898384499,281.86,few clouds
11/8/16 8:00,8,1.0883410699403402,277,sky is clear
11/8/16 9:00,9,1.045978491188272,275.02,sky is clear
11/8/16 10:00,10,1.0444149061876622,274.77,sky is clear
11/8/16 11:00,11,1.031165764241526,274.39,sky is clear
11/8/16 12:00,12,1.013540903436265,274.52,sky is clear
11/8/16 13:00,13,0.9309850474134804,274.71,sky is clear
11/8/16 14:00,14,0.7897075277569213,274.53,scattered clouds
11/8/16 15:00,15,0.6324920035562197,278.87,haze
11/9/16 8:00,8,1.1270523401987946,277.01,sky is clear
11/9/16 9:00,9,1.0951932582272288,276.02,sky is clear
11/9/16 10:00,10,1.069370612763738,275.14,sky is clear
11/9/16 11:00,11,1.0483345157587407,275.39,sky is clear
11/9/16 12:00,12,1.0171187000734587,275.9,sky is clear
11/9/16 13:00,13,0.9735932603001523,275.8,sky is clear
11/9/16 14:00,14,0.904447194,275.89,sky is clear
11/9/16 15:00,15,0.7441760477597357,279.58,sky is clear
11/10/16 8:00,8,1.1010094122674396,279.15,sky is clear
11/10/16 9:00,9,1.0674817701310264,279.52,sky is clear
11/10/16 10:00,10,1.0436135212740496,278.53,sky is clear
11/10/16 11:00,11,1.0211103531027255,278.27,sky is clear
11/10/16 12:00,12,0.9881786632235342,277.65,sky is clear
11/10/16 13:00,13,0.9447442816937326,277.56,sky is clear
11/10/16 14:00,14,0.8734764524568197,277.43,sky is clear
11/10/16 15:00,15,0.7179174541279985,283.44,sky is clear
11/11/16 8:00,8,1.072665232383968,277.71,sky is clear
11/11/16 9:00,9,1.0454005351674356,274.89,sky is clear
11/11/16 10:00,10,1.0442519796911016,274.53,sky is clear
11/11/16 11:00,11,1.0296960652637313,273.86,sky is clear
11/11/16 12:00,12,1.0697360693063882,273.29,sky is clear
11/11/16 13:00,13,0.9379581472470471,273.27,sky is clear
11/11/16 14:00,14,0.8979949297896903,273.77,sky is clear
11/11/16 15:00,15,0.5844013082184321,276.57,few clouds
11/12/16 8:00,8,1.0648198453182551,277.01,sky is clear
11/12/16 9:00,9,1.0600742454249639,275.58,sky is clear
11/12/16 10:00,10,1.047037068941795,275.58,sky is clear
11/12/16 11:00,11,1.0296799737969882,275.01,sky is clear
11/12/16 12:00,12,0.9994051044571511,274.15,sky is clear
11/12/16 13:00,13,0.9512394069967334,274.05,few clouds
11/12/16 14:00,14,0.8676327791408418,273.61,few clouds
11/12/16 15:00,15,0.6958758614801129,277.02,few clouds
11/13/16 8:00,8,0.8629968634846207,278.58,sky is clear
11/13/16 9:00,9,0.36842994404106943,278.76,sky is clear
11/13/16 10:00,10,0.4064228591612948,278.27,sky is clear
11/13/16 11:00,11,0.7913817147756853,280.72,sky is clear
11/13/16 12:00,12,1.0112386886952682,279.86,sky is clear
11/13/16 13:00,13,0.9214134235779401,280.03,scattered clouds
11/13/16 14:00,14,0.32881374522710916,280.16,broken clouds
11/13/16 15:00,15,0.31950754356009997,283.3,broken clouds
11/14/16 8:00,8,1.0751398261321845,277.43,sky is clear
11/14/16 9:00,9,1.0640263499789093,276.99,sky is clear
11/14/16 10:00,10,1.0483244773091946,277.44,sky is clear
11/14/16 11:00,11,1.021947660194873,275.64,sky is clear
11/14/16 12:00,12,1.010108314394611,276.43,sky is clear
11/14/16 13:00,13,0.8428121626595435,276.02,haze
11/14/16 14:00,14,0.73860665,277.29,haze
11/14/16 15:00,15,0.670896848,279.82,haze
11/15/16 8:00,8,1.127223058888642,287,sky is clear
11/15/16 9:00,9,1.087007566411869,287.43,sky is clear
11/15/16 10:00,10,1.0678342412662845,286.72,sky is clear
11/15/16 11:00,11,1.0469540941418494,287.57,sky is clear
11/15/16 12:00,12,1.0144295285999656,283.14,sky is clear
11/15/16 13:00,13,0.9692799116294532,285.86,few clouds
11/15/16 14:00,14,0.8874385706450361,284.86,few clouds
11/15/16 15:00,15,0.7208419176727683,287.44,few clouds
11/16/16 8:00,8,0.9262542642513185,286,sky is clear
11/16/16 9:00,9,0.5973521492131684,283.51,haze
11/16/16 10:00,10,0.7764755805540683,286.43,sky is clear
11/16/16 11:00,11,1.1416649509140695,288.44,sky is clear
11/16/16 12:00,12,0.9590525123421173,287.87,sky is clear
11/16/16 13:00,13,0.5157318424995697,288.17,few clouds
11/16/16 14:00,14,0.3714384895070303,286.14,scattered clouds
11/16/16 15:00,15,0.5686775253818419,289.29,scattered clouds
11/17/16 8:00,8,0.27908318817654393,277.43,sky is clear
11/17/16 9:00,9,0.4993319501824176,276.43,sky is clear
11/17/16 10:00,10,0.18257744882524382,275.86,sky is clear
11/17/16 11:00,11,0.18273030659593337,275.72,broken clouds
11/17/16 12:00,12,0.19818240792534272,275.86,overcast clouds
11/17/16 13:00,13,0.1221627121396022,276.13,broken clouds
11/17/16 14:00,14,0.15365575853832553,276.16,broken clouds
11/17/16 15:00,15,0.16915078679561532,275.86,overcast clouds
11/18/16 8:00,8,1.1400178809136439,269.01,sky is clear
11/18/16 9:00,9,1.1303291995734095,267.15,mist
11/18/16 10:00,10,1.1192637028867722,266.72,sky is clear
11/18/16 11:00,11,1.097479079286731,266.58,sky is clear
11/18/16 12:00,12,1.0643656396874919,265.73,mist
11/18/16 13:00,13,1.0167515171619703,265.74,few clouds
11/18/16 14:00,14,0.9352489822002726,265.32,few clouds
11/18/16 15:00,15,0.760200564,266.16,few clouds
11/19/16 8:00,8,0.9642511834555764,268.27,sky is clear
11/19/16 9:00,9,0.9074372080442529,267.65,sky is clear
11/19/16 10:00,10,1.0164036941495067,267.9,sky is clear
11/19/16 11:00,11,1.0691057877738022,267.4,sky is clear
11/19/16 12:00,12,0.956723128,266.58,sky is clear
11/19/16 13:00,13,0.967355366,266.86,few clouds
11/19/16 14:00,14,1.0028967779918052,267.01,scattered clouds
11/19/16 15:00,15,0.7259236484262666,268.91,scattered clouds
11/20/16 8:00,8,1.335446972493136,280.26,sky is clear
11/20/16 9:00,9,1.144067096880045,281.01,sky is clear
11/20/16 10:00,10,1.0896563068755465,280.38,sky is clear
11/20/16 11:00,11,1.0486034760048046,279.76,sky is clear
11/20/16 12:00,12,1.0657236170792816,279.39,sky is clear
11/20/16 13:00,13,0.7238539103298559,278.82,scattered clouds
11/20/16 14:00,14,0.41713152553511273,277.39,scattered clouds
11/20/16 15:00,15,0.31777592819779604,278.15,few clouds
11/21/16 8:00,8,0.3089402302915687,278.9,sky is clear
11/21/16 9:00,9,0.6939744581212848,279.02,sky is clear
11/21/16 10:00,10,0.898406797,279.44,sky is clear
11/21/16 11:00,11,1.0252442864724949,278.02,sky is clear
11/21/16 12:00,12,1.020400383,277.26,sky is clear
11/21/16 13:00,13,0.923901933,277.54,broken clouds
11/21/16 14:00,14,0.809992073,279.16,broken clouds
11/21/16 15:00,15,0.3754291096822267,280.15,broken clouds
11/22/16 8:00,8,0.12729634735362255,279.29,sky is clear
11/22/16 9:00,9,0.13842094012794576,279.72,light rain
11/22/16 10:00,10,0.17466924392754588,279.72,other
11/22/16 11:00,11,0.30490801641747695,279.29,other
11/22/16 12:00,12,0.3109861263467623,278.29,light rain
11/22/16 13:00,13,0.3998608958944692,277.59,light rain
11/22/16 14:00,14,0.6596085900551901,276.49,mist
11/22/16 15:00,15,0.643562221,275.58,other
11/23/16 8:00,8,1.0855057964228603,271.72,sky is clear
11/23/16 9:00,9,1.0854488880056232,271.58,sky is clear
11/23/16 10:00,10,1.0520568725739645,271.43,sky is clear
11/23/16 11:00,11,1.0359021267415205,271.15,sky is clear
11/23/16 12:00,12,1.0207057415721896,270.86,sky is clear
11/23/16 13:00,13,0.9677562591509653,270.59,sky is clear
11/23/16 14:00,14,0.8803208208875565,270.15,few clouds
11/23/16 15:00,15,0.7002599097222246,271.58,few clouds
11/24/16 8:00,8,1.0764290625806836,273.73,sky is clear
11/24/16 9:00,9,1.0818310006785947,272.72,sky is clear
11/24/16 10:00,10,1.0734646391119576,273.72,sky is clear
11/24/16 11:00,11,1.0544742085558967,275.73,sky is clear
11/24/16 12:00,12,1.0250798871426194,275.9603807,sky is clear
11/24/16 13:00,13,0.9821538117673254,276.2239239,sky is clear
11/24/16 14:00,14,0.8992283693031883,276.53,sky is clear
11/24/16 15:00,15,0.7163814409280429,276.45,sky is clear
11/25/16 8:00,8,1.0606422670372528,271,sky is clear
11/25/16 9:00,9,1.0751015249722338,270.71,sky is clear
11/25/16 10:00,10,1.0776039945951865,269.29,sky is clear
11/25/16 11:00,11,1.0650954785591693,269.3,sky is clear
11/25/16 12:00,12,1.0386382428503396,269.68,sky is clear
11/25/16 13:00,13,0.9947679701987011,269.58,sky is clear
11/25/16 14:00,14,0.9066916897122824,269.53,sky is clear
11/25/16 15:00,15,0.7155601202962255,270.12,sky is clear
11/26/16 8:00,8,0.9557766548985359,274.29,sky is clear
11/26/16 9:00,9,1.1455182986048225,274.15,sky is clear
11/26/16 10:00,10,1.0968763509851862,273.66,sky is clear
11/26/16 11:00,11,1.0818953107904086,273.92,sky is clear
11/26/16 12:00,12,1.0554140176808748,273.9,sky is clear
11/26/16 13:00,13,1.011756204458762,275.65,broken clouds
11/26/16 14:00,14,0.9263672071049597,276.3,broken clouds
11/26/16 15:00,15,0.7453014887011588,275.02,sky is clear
11/27/16 8:00,8,0.34210969768943117,278.79,sky is clear
11/27/16 9:00,9,0.22867516103753394,276.33,overcast clouds
11/27/16 10:00,10,0.6012140757842707,276.18,scattered clouds
11/27/16 11:00,11,0.5850998596168141,273.44,other
11/27/16 12:00,12,0.538577281,273.43,other
11/27/16 13:00,13,0.7816134113475114,274.16,overcast clouds
11/27/16 14:00,14,0.2992261421839037,273.29,broken clouds
11/27/16 15:00,15,0.4487885768071315,276.43,other
11/28/16 8:00,8,1.1686181493454295,277.42,sky is clear
11/28/16 9:00,9,0.7468457496436243,276.98,sky is clear
11/28/16 10:00,10,0.44812667030819475,276.85,sky is clear
11/28/16 11:00,11,0.48683771654432595,275.3,sky is clear
11/28/16 12:00,12,0.726961509,275.58,sky is clear
11/28/16 13:00,13,0.5929751776107262,275.44,scattered clouds
11/28/16 14:00,14,0.39399067929895426,274.01,scattered clouds
11/28/16 15:00,15,0.40520839625266564,275.73,broken clouds
11/29/16 8:00,8,0.6720209354390382,270.31,sky is clear
11/29/16 9:00,9,0.5248978226663873,270.44,sky is clear
11/29/16 10:00,10,0.588062637,268.73,sky is clear
11/29/16 11:00,11,0.7852065312564865,269.01,sky is clear
11/29/16 12:00,12,0.7715475420216911,269.44,broken clouds
11/29/16 13:00,13,0.7137349863196739,269.29,scattered clouds
11/29/16 14:00,14,0.6557151455150311,270.58,scattered clouds
11/29/16 15:00,15,0.6000788639929261,271.58,broken clouds